metric,mean,median,min,max,std
accuracy,0.17727774941798524,0.12771739130434784,0.0,1.0,0.18399093526268476
precision,0.04520417082917083,0.0,0.0,0.6666666666666666,0.14125128325585656
recall,0.019336628461551063,0.0,0.0,0.5,0.07062472997641302
f1,0.024034128420714684,0.0,0.0,0.4,0.07914443253753828
