threshold,mean,median,min,max,std
0.1,0.024034128420714684,0.0,0.0,0.4,0.07914443253753828
0.2,0.007302302302302302,0.0,0.0,0.3783783783783784,0.04695586199932043
0.3,0.006190476190476191,0.0,0.0,0.3333333333333333,0.04346395801418118
0.4,0.003333333333333333,0.0,0.0,0.3333333333333333,0.033166247903554
0.5,0.003333333333333333,0.0,0.0,0.3333333333333333,0.033166247903554
0.6,0.0034285714285714284,0.0,0.0,0.34285714285714286,0.0341138549865127
0.7,0.0035294117647058825,0.0,0.0,0.35294117647058826,0.03511720366258658
0.8,0.0035294117647058825,0.0,0.0,0.35294117647058826,0.03511720366258658
0.9,0.0,0.0,0.0,0.0,0.0
